{"K": 20, "Precision": 0.5853897565536028, "Recall": 0.8138892719514408, "NDCG": 0.7660598366911218, "RMSE": 1.3551314432964643, "part": "5"}