{"K": 20, "Precision": 0.5906780069322123, "Recall": 0.821036290886139, "NDCG": 0.7617077954529159, "RMSE": 1.3541645643857085, "part": "4"}