{"K": 20, "Precision": 0.5758218451749735, "Recall": 0.9946977730646872, "NDCG": 0.8327113453577836, "RMSE": 1.4149527488949036, "part": "b"}