{"K": 20, "Precision": 0.5949457183977901, "Recall": 0.757864377431397, "NDCG": 0.6873340057712788, "RMSE": 1.410450164709738, "part": "2"}