{"K": 20, "Precision": 0.5987845048171037, "Recall": 0.6744501037432207, "NDCG": 0.6116845662349613, "RMSE": 1.4194542458186326, "part": "1"}