{"K": 20, "Precision": 0.58784462071335, "Recall": 0.8137920851764757, "NDCG": 0.7371309953074344, "RMSE": 1.3763420721269015, "part": "3"}