{"K": 20, "Precision": 0.5799575821845174, "Recall": 0.9904559915164369, "NDCG": 0.8361843220073418, "RMSE": 1.4044831222627063, "part": "a"}